Nombre Establecimiento,Dirección,Comuna
COLEGIO ANTU,TRINIDAD RAMIREZ 0750,LA CISTERNA
COLEGIO NACIONES UNIDAS,ISABEL LA CATOLICA 0960,LA CISTERNA
COLEGIO PALESTINO,AVENIDA EL PARRON 498,LA CISTERNA
ESCUELA ESPERANZA JOVEN,COLÓN 6918,LA CISTERNA
ESCUELA OSCAR ENCALADA,PEDRO AGUIRRE CERDA 184,LA CISTERNA
LICEO CIENCIA Y TECNOLOGIA,GOYCOLEA 469,LA CISTERNA
LICEO OLOF PALME,JULIO COVARRUBIAS 9370,LA CISTERNA
LICEO PORTAL LA CISTERNA,ESMERALDA 6305,LA CISTERNA
COLEGIO CARDENAL JOSE MARIA CARO,CARDENAL CARO 03745,LO ESPEJO
COLEGIO HERNAN OLGUIN,AVENIDA RAÚL SILVA HENRÍQUEZ 8108,LO ESPEJO
BERNARDO OHIGGINS,PIO XII 7148,LO ESPEJO
ESCUELA ACAPULCO,CALLE ACAPULCO 7661,LO ESPEJO
ESCUELA SANTA OLGA DE KIEV,MEXICO 02444,LO ESPEJO
ESCUELA BLUE STAR COLLEGE,MONTERREY 7519,LO ESPEJO
ESCUELA CLARA ESTRELLA,VALPARAISO 6990,LO ESPEJO
ESCUELA RAUL SAEZ SAEZ,VERACRUZ 5243,LO ESPEJO
ESCUELA REPUBLICA DE INDONESIA,GABRIELA MISTRAL 9340,LO ESPEJO
ESCUELA REPUBLICA DE LAS FILIPINAS,JUPITER 7746,LO ESPEJO
ESCUELA SALOMON SACK,SALOMON SACK,LO ESPEJO
ESCUELA SANTA ADRIANA,CALLE B SIN NUMERO,LO ESPEJO
